Model,ROC AUC,Accuracy,F1 Score
XGBoost,0.76,0.8,0.8333333333333334
RandomForest,0.8400000000000001,0.7,0.7272727272727273
ExtraTrees,0.8400000000000001,0.7,0.7272727272727273
NeuralNet,0.7200000000000002,0.6,0.5
